Episode,Reward
1,58.30630630630639
2,51.60462698859238
3,25.837837837837856
4,41.100122484087855
5,45.87489725886264
