Episode,Reward
1,107.28742337966997
2,53.64224137931031
3,53.63362068965514
4,107.29173372449756
5,74.57758620689651
